{"val_loss": [0.674984130859375, 0.6518555408716202, 0.6043039613962173, 0.59437007188797, 0.5787125700712203, 0.5773200231790543, 0.6117967283725738, 0.6128295314311981, 0.5677778148651123, 0.5525965684652329, 0.5361341673135758, 0.582596379518509, 0.5573235788941383, 0.644584601521492, 0.5619291862845421, 0.5649821865558624, 0.5936181640625, 0.6379444950819015, 0.617572408914566, 0.6395776149630547, 0.6323331394791603, 0.6934359422326088, 0.7048564159870148, 0.718479517698288, 0.9054234009981156, 0.802758027613163, 0.8653870433568954, 0.8262408417463303, 0.892093985080719, 0.8684516128897667], "val_acc": [0.5120000010728836, 0.5960000020265579, 0.663999999165535, 0.6739999979734421, 0.6829999971389771, 0.6970000028610229, 0.6779999947547912, 0.6630000025033951, 0.715, 0.7299999964237213, 0.7360000026226043, 0.7059999990463257, 0.7319999992847442, 0.7039999973773956, 0.7329999995231629, 0.73799999833107, 0.7430000007152557, 0.721000000834465, 0.7410000002384186, 0.7420000016689301, 0.7410000038146972, 0.717999997138977, 0.7339999997615814, 0.7349999976158142, 0.7250000035762787, 0.7299999958276748, 0.72, 0.7189999997615815, 0.7250000029802323, 0.7349999976158142], "loss": [0.6842929005622864, 0.6510438445210457, 0.600251704454422, 0.5528321844339371, 0.5310871204733849, 0.5095961833000183, 0.48451644986867903, 0.4639537262916565, 0.4381895786523819, 0.4189684520661831, 0.39418563336133955, 0.3737592451274395, 0.35024056121706965, 0.33167796283960344, 0.3049909272789955, 0.2849322694540024, 0.26133536219596865, 0.2369527620077133, 0.21983721747994422, 0.2025251503661275, 0.17216098126024007, 0.15522513780742883, 0.14667481772601604, 0.13282107496634127, 0.11638330914080143, 0.09914388082921505, 0.09124843286350369, 0.07735112098976969, 0.06498075346462429, 0.060014335410669445], "acc": [0.5600000020861625, 0.613000001013279, 0.6734999987483025, 0.7180000033974647, 0.7415000003576279, 0.7520000010728836, 0.7680000036954879, 0.7745000022649765, 0.8010000014305114, 0.806000000834465, 0.8170000010728836, 0.8354999995231629, 0.8525, 0.8635000002384186, 0.8764999973773956, 0.8864999949932099, 0.8994999933242798, 0.903999993801117, 0.912499994635582, 0.9269999933242797, 0.9454999935626983, 0.9444999939203262, 0.9464999943971634, 0.9504999935626983, 0.9589999914169312, 0.9689999949932099, 0.9669999957084656, 0.9804999965429306, 0.9804999977350235, 0.9849999976158142]}