{"val_loss": [0.682609783411026, 0.6670104491710663, 0.6491908693313598, 0.6681556868553161, 0.6865471816062927, 0.6225188553333283, 0.5927361047267914, 0.5866671949625015, 0.5779985511302947, 0.5819507652521133, 0.6300115805864334, 0.5985683721303939, 0.5757220566272736, 0.5531313163042069, 0.5458943593502045, 0.6116386377811431, 0.5678717017173767, 0.5601526540517807, 0.5916590702533722, 0.5625833117961884, 0.5577742755413055, 0.5612937039136887, 0.6706909084320068, 0.5320038998126984, 0.5388396394252777, 0.5683225280046463, 0.5104427969455719, 0.5454409682750702, 0.5261732649803161, 0.5416647911071777], "val_acc": [0.551000000834465, 0.597999997138977, 0.5980000001192093, 0.589000004529953, 0.5350000035762786, 0.6330000007152558, 0.6819999992847443, 0.6779999989271164, 0.6819999998807907, 0.6859999978542328, 0.6519999986886978, 0.6849999946355819, 0.6739999949932098, 0.7070000016689301, 0.7150000047683716, 0.6859999996423721, 0.6969999992847442, 0.7139999997615815, 0.7030000007152557, 0.713999999165535, 0.7060000002384186, 0.7009999996423721, 0.6630000019073486, 0.7369999969005585, 0.7239999985694885, 0.7010000002384186, 0.74299999833107, 0.7280000007152557, 0.7310000002384186, 0.7260000014305115], "loss": [0.6907306092977524, 0.6816515010595322, 0.6699773663282395, 0.6645378941297531, 0.6442002528905868, 0.6265483120083809, 0.6276901414990426, 0.6141354957222939, 0.6064649942517281, 0.6043272265791892, 0.584446556866169, 0.5879194074869156, 0.5826442995667458, 0.5778139674663544, 0.578003298342228, 0.5722105312347412, 0.5613145110011101, 0.566606961786747, 0.5579468762874603, 0.5619045594334602, 0.5549432671070099, 0.5463263636827469, 0.5524247145652771, 0.5438465988636016, 0.5407501584291459, 0.537596371769905, 0.5354473680257797, 0.5328375589847565, 0.542069115638733, 0.5204608309268951], "acc": [0.5330000022053718, 0.5579999995231628, 0.5840000005066395, 0.5795000022649766, 0.6220000025629997, 0.6449999964237213, 0.6369999971985817, 0.6579999983310699, 0.6670000013709069, 0.6699999994039536, 0.6859999987483024, 0.6769999995827675, 0.6890000012516976, 0.6999999976158142, 0.6854999977350235, 0.6865000015497208, 0.7110000005364419, 0.7065000012516975, 0.7109999975562096, 0.6994999986886978, 0.7065000015497208, 0.7255000001192093, 0.7230000013113022, 0.7290000003576279, 0.7284999996423721, 0.7134999999403954, 0.7440000015497208, 0.7360000014305115, 0.7115000006556511, 0.74299999833107]}