{"val_loss": [0.6777682101726532, 0.6688475632667541, 0.6423848503828049, 0.630430884361267, 0.6410412025451661, 0.6155376797914505, 0.5741481375694275, 0.6072978699207305, 0.5687995433807373, 0.5462008213996887, 0.5681403386592865, 0.5378797048330307, 0.5105521988868713, 0.5528225237131119, 0.5417257213592529, 0.5728867340087891, 0.5680870717763901, 0.5165771979093552, 0.4786656856536865, 0.5233386600017548, 0.49980908274650576, 0.5144842624664306, 0.5231669270992279, 0.5251072651147842, 0.5014526057243347, 0.5871372961997986, 0.5006947267055512, 0.5145285558700562, 0.4808243954181671, 0.5134443747997284], "val_acc": [0.5339999997615814, 0.5820000022649765, 0.6130000019073486, 0.6509999990463257, 0.5990000051259995, 0.6489999955892563, 0.6989999997615814, 0.6590000021457673, 0.7049999964237214, 0.7030000007152557, 0.6869999998807907, 0.7309999990463257, 0.7460000014305115, 0.7, 0.7309999978542328, 0.6999999988079071, 0.6880000007152557, 0.7389999985694885, 0.7539999997615814, 0.7310000014305115, 0.7530000019073486, 0.7369999969005585, 0.7260000026226043, 0.73299999833107, 0.7510000050067902, 0.69, 0.7590000027418137, 0.74, 0.7659999966621399, 0.7479999959468842], "loss": [0.6917209446430206, 0.6752247393131257, 0.6635983651876449, 0.6531319808959961, 0.6377901992201805, 0.6276317116618156, 0.6041293200850487, 0.5974386441707611, 0.5828763744235039, 0.5917534378170967, 0.5841970574855805, 0.5760633686184883, 0.5582764679193497, 0.5521833553910256, 0.5477823013067246, 0.5541301861405372, 0.5535293191671371, 0.5490277430415154, 0.5498650550842286, 0.5237495023012161, 0.5278736531734467, 0.5251973557472229, 0.5175149869918824, 0.5171314829587936, 0.5135117346048355, 0.5049246674776078, 0.5080434310436249, 0.4952924963831902, 0.4920982351899147, 0.500854535549879], "acc": [0.5210000017285347, 0.5785000011324882, 0.6030000004172326, 0.6160000002384186, 0.6400000014901162, 0.6445000022649765, 0.6780000004172325, 0.6714999982714653, 0.6869999992847443, 0.6809999996423721, 0.6894999998807907, 0.7005000010132789, 0.7114999982714653, 0.698999997973442, 0.7175000020861626, 0.7139999973773956, 0.7145000034570694, 0.7139999994635582, 0.7210000002384186, 0.7400000044703483, 0.7340000021457672, 0.731499999165535, 0.7415000009536743, 0.7415000039339066, 0.7355000030994415, 0.746999997496605, 0.7570000004768371, 0.7555000007152557, 0.7645000028610229, 0.7595000028610229]}