{"val_loss": [0.4697423964738846, 0.39045316457748414, 0.3400658091902733, 0.3078057610988617, 0.29549116671085357, 0.27741272807121276, 0.27053756967186926, 0.26177834495902064, 0.25727882906794547, 0.25253941759467124, 0.2536055082082748, 0.24671509504318237, 0.24374982967972755, 0.24351560190320015, 0.24150960952043532, 0.24017404541373252, 0.23900390073657035, 0.23711106784641742, 0.2357053916156292, 0.24424211315810682, 0.23540589347481727, 0.2458530332148075, 0.257273790165782, 0.23553182251751423, 0.24006526596844197, 0.23692381888628006, 0.2385694980621338, 0.23668046362698078, 0.23778258338570596, 0.24257241144776345], "val_acc": [0.8230000054836273, 0.8300000047683715, 0.8749999964237213, 0.8889999938011169, 0.8769999980926514, 0.8939999938011169, 0.8859999966621399, 0.8879999923706055, 0.8929999935626983, 0.8979999923706055, 0.8909999978542328, 0.8939999938011169, 0.9009999954700469, 0.9039999926090241, 0.8939999997615814, 0.9029999899864197, 0.897999997138977, 0.8999999916553497, 0.8999999916553497, 0.8959999978542328, 0.9029999923706055, 0.8979999983310699, 0.8959999990463257, 0.8999999916553497, 0.8969999945163727, 0.8999999940395356, 0.9009999954700469, 0.9039999926090241, 0.9009999907016755, 0.8999999952316284], "loss": [0.6260590851306915, 0.4560045623779297, 0.3723884841799736, 0.32755513235926625, 0.2972205825895071, 0.27467385090887547, 0.25486681632697583, 0.24306207455694676, 0.22487539015710353, 0.21649924747645855, 0.2029994910210371, 0.19309889905154706, 0.1857551633939147, 0.17534536246210336, 0.17288208093494176, 0.16227988988161088, 0.15987111561000347, 0.14976731762290002, 0.14734646262601017, 0.13783229412510992, 0.1349759145081043, 0.12887988474220038, 0.11848581114783883, 0.12012176245450973, 0.10971293224021793, 0.10744986065663398, 0.10372775491327048, 0.10028186429291963, 0.09617818439379335, 0.0907576588820666], "acc": [0.6555000005662441, 0.7975000017881393, 0.8415000027418137, 0.8650000011920929, 0.8769999986886978, 0.8849999958276749, 0.8984999948740006, 0.9054999947547913, 0.9139999961853027, 0.9154999941587448, 0.9229999947547912, 0.9244999945163727, 0.9334999924898147, 0.9399999934434891, 0.9379999923706055, 0.9409999907016754, 0.9409999930858612, 0.9484999936819076, 0.947499994635582, 0.9524999940395356, 0.9574999934434891, 0.9584999912977219, 0.9609999948740006, 0.9599999934434891, 0.9634999924898148, 0.9644999945163727, 0.966499993801117, 0.9649999928474426, 0.9689999949932099, 0.971499993801117]}